"iso3","country","year","agricultural_land_pct","forest_area_pct","population","urban_population_pct","fertilizer_kg_ha","livestock_index","cereal_yield","ghg_emissions"
"BGD","Bangladesh",2003,71.6601367442575,14.6787454866713,140970351,24.5525557512625,160.266893534273,51.81,3479.8,112.9936
"BGD","Bangladesh",2004,71.6217254359684,14.6541730045325,142902856,25.0094809886101,170.671374186418,52.74,3439.4,115.5867
"BGD","Bangladesh",2005,71.5295382960744,14.6296005223938,144715786,25.4769540701509,192.872642090988,55.07,3663.6,119.6731
"BGD","Bangladesh",2006,71.2913881846816,14.6050280402551,146405973,25.9479149992596,188.408168316832,55.91,3710.5,124.1989
"BGD","Bangladesh",2007,71.1838365214719,14.5804555581163,147989278,26.415303779311,179.81000499002,56.94,3783.1,128.7306
"BGD","Bangladesh",2008,71.0839671199201,14.5558830759776,149474264,26.87206041368,195.064350868424,60.65,4154.3,135.7709
"BGD","Bangladesh",2009,71.0301912883153,14.5313098256127,150873714,27.3111249057412,184.290524471148,57.98,4126.4,140.7133
"BGD","Bangladesh",2010,70.9917799800261,14.5067373434739,152201981,27.7254372588696,208.024322968907,60.74,4262.6,148.3306
"BGD","Bangladesh",2011,70.1236844126911,14.4991441960513,153591076,28.1100162712427,249.746915935394,66.21,4367.1,153.3106
"BGD","Bangladesh",2012,70.0622263194284,14.4915510486287,155070101,28.4787972894576,254.30935709739,71.61,4396.5,158.7052
"BGD","Bangladesh",2013,69.9700391795345,14.4839579012061,156532141,28.8407036106763,253.280642653537,83.42,4492.1,161.7984
"BGD","Bangladesh",2014,69.900898824614,14.4763647537835,157964929,29.1944442321013,278.132224964281,94.13,4558.8,168.312
"BGD","Bangladesh",2015,70.3867250518553,14.4687716063609,159383179,29.5395099477892,297.810941171621,101.1,4588.2,177.4623
"BGD","Bangladesh",2016,70.6323269570562,14.4687716063609,160811932,29.8753915517965,288.288357639838,104.77,4624,186.2098
"BGD","Bangladesh",2017,70.5794729968503,14.4687716063609,162186147,30.2015798381799,302.542720033696,122.5,4684.5,195.4506
"BGD","Bangladesh",2018,70.694476453868,14.4687716063609,163523103,30.5175656009959,318.46686309072,124.46,4778.5,200.539
"BGD","Bangladesh",2019,72.1902127986479,14.4687716063609,164913055,30.8228396343012,320.445462644775,123.94,4855.4,205.7444
"BGD","Bangladesh",2020,72.4437274333564,14.4687716063609,166298024,31.1168927321524,325.386565272497,136.86,4885.9,202.7429
"BGD","Bangladesh",2021,72.3515402934624,14.4687716063609,167658854,31.3992156886061,395.72014579444,146.31,4964.4,219.365
"BGD","Bangladesh",2022,72.3706433287272,14.458774758176,169384897,31.673734726234,388.941232933807,153.13,5089.7,222.9794
"KHM","Cambodia",2003,28.8919102651258,60.7493145252663,13050968,18.8881765274479,5.48378378378378,100,2160.6,22.8711
"KHM","Cambodia",2004,29.6283707228643,60.6406752775889,13244731,18.9813615262763,6.81243243243243,102.62,2024.8,22.3969
"KHM","Cambodia",2005,30.3421708588262,60.5320360299116,13439202,19.0922720052225,10.4578378378378,108.87,2508.7,25.1485
"KHM","Cambodia",2006,30.3365057783821,60.4233967822343,13639028,19.2299832388976,10.3194594594595,112.57,2533.1,26.5989
"KHM","Cambodia",2007,30.3365057783821,60.314757534557,13841770,19.4035705019128,10.1583783783784,107.66,2677.3,27.8734
"KHM","Cambodia",2008,30.3365057783821,60.2061182868797,14053479,19.6574509865325,9.86972972972973,101.73,2804.8,28.7927
"KHM","Cambodia",2009,30.1876954452753,60.0974790392024,14276810,20.1979728726519,13.2532432432432,100.29,2938.6,30.3086
"KHM","Cambodia",2010,30.4861262179923,59.988839791525,14500726,21.1232251168762,15.6272678762006,98.71,3015.7,30.9733
"KHM","Cambodia",2011,30.7794912757761,58.0146612281894,14722584,22.3824788531276,20.0875002087892,101,3021.5,32.1391
"KHM","Cambodia",2012,31.1509018808067,56.0404826648538,14945085,23.9411047582349,26.8844739353067,99.01,3177.8,32.0027
"KHM","Cambodia",2013,31.4524427826875,54.0663041015182,15170208,25.7644735090271,24.2308064229372,100.36,3213.4,31.9833
"KHM","Cambodia",2014,31.6826087695445,52.0921255381826,15396772,27.8179557823331,26.9361803151179,101.84,3095.7,33.4022
"KHM","Cambodia",2015,31.9960571040109,50.117946974847,15623251,30.0669222549819,29.6674369067807,98.54,3088.8,35.1735
"KHM","Cambodia",2016,32.2909811919329,49.2359506004985,15852803,32.4767436038024,21.2948647573388,99.62,3266.5,37.8724
"KHM","Cambodia",2017,32.7703597326082,48.35395422615,16073372,35.0127905056235,39.7757444587118,100.42,3438.6,39.8201
"KHM","Cambodia",2018,33.1881078631317,47.4719578518015,16274522,37.6404336372742,42.1927320256664,100.53,3507.8,40.6867
"KHM","Cambodia",2019,33.7162803081804,46.589961477453,16481304,39.5830241256026,42.7632539712131,98.74,3415.2,44.0007
"KHM","Cambodia",2020,34.3013919102651,45.7079651031045,16725474,39.832658030922,44.2410385695224,90.19,3441.3,46.9569
"KHM","Cambodia",2021,34.6999756401541,44.825968728756,16974305,40.1091858128847,49.5837556187719,94.16,3565.6,48.3369
"KHM","Cambodia",2022,34.8115777249037,43.9439723544074,17201724,40.374616187368,32.930922220914,95.81,3654,47.1042
"CHN","China",2003,55.8843892938216,19.6079386867747,1288400000,40.5302314758301,328.658260424965,74.54,4871.1,6292.8849
"CHN","China",2004,55.9476447513305,19.8594228667065,1296075000,41.7600135803223,352.264351737972,77.28,5186.8,7131.5343
"CHN","China",2005,56.0109031839269,20.1109081284255,1303720000,42.9899978637695,375.104995496979,81.31,5224.6,7974.396
"CHN","China",2006,56.0741598447602,20.3623927769671,1311020000,44.3430099487305,374.765138080587,83.26,5313.4,8759.3389
"CHN","China",2007,56.1374176962452,20.6138778860824,1317885000,45.8892440795898,385.314635786511,82.84,5320.6,9356.3434
"CHN","China",2008,56.2006719746855,20.8653616938384,1324655000,46.9895057678223,372.65810231486,87.11,5549.7,9576.2959
"CHN","China",2009,56.2639250438662,21.1168450517356,1331260000,48.3417053222656,383.967587321621,90.25,5449.6,10196.8722
"CHN","China",2010,56.1834730812931,21.3683288541342,1337705000,49.2340270628041,425.239340293993,92.48,5527.5,11062.0446
"CHN","China",2011,56.1036602181182,21.574627370433,1345035000,51.8300285339355,444.64980620155,92.85,5710,12056.806
"CHN","China",2012,56.0235278052443,21.7809258867318,1354190000,53.1003112792969,457.333238442414,96.45,5828.7,12419.567
"CHN","China",2013,55.9433953923703,21.9872244030306,1363240000,54.4900016784668,458.516155476157,97.34,5897.7,12948.608
"CHN","China",2014,55.8632629794963,22.1935229193294,1371860000,55.7502555847168,477.579277718331,99.17,5896.3,13095.1974
"CHN","China",2015,55.7831305666223,22.3998214356282,1379860000,57.3297843933105,465.6126796366,100.66,5985.2,12931.0416
"CHN","China",2016,55.7030573453299,22.6305120997506,1387790000,58.8399238586426,480.055071748405,100.17,6018.6,12913.087
"CHN","China",2017,55.6228503623161,22.8306567492632,1396215000,60.2402687072754,460.457754805883,99.99,6110.8,13160.5935
"CHN","China",2018,55.54274989588,23.0309079153534,1402760000,61.5001983642578,442.553246565176,100.57,6122,13740.9299
"CHN","China",2019,55.462649429444,23.2311590814436,1407745000,62.7099151611328,427.750847233594,97.14,6265.1,14052.8622
"CHN","China",2020,55.4526368711394,23.4313037309562,1411100000,63.5234230266258,414.491446133711,98.44,6296.1,14230.2296
"CHN","China",2021,55.4426243128349,23.6315548970464,1412360000,64.721076965332,406.234332124994,108.08,6317.5,14866.4936
"CHN","China",2022,55.4326117545304,23.8316995465589,1412175000,65.2176361083984,395.13903230531,109.5,6381.3,14857.4011
"EGY","Egypt",2003,3.4245818474057,0.0614184539655432,77853548,42.8834685533792,477.666896077082,83.39,7515.4,230.8976
"EGY","Egypt",2004,3.49389723240745,0.0620643929880958,79477443,42.9255593360476,541.281618887015,79.67,7556.2,245.7041
"EGY","Egypt",2005,3.53910291827817,0.0627103320106484,81101004,42.9569271409488,600.078033554428,83.85,7536.9,264.5887
"EGY","Egypt",2006,3.54914862624943,0.0633562710332011,82700403,42.9729991680104,586.564299424184,89.38,7500.2,276.7799
"EGY","Egypt",2007,3.55417148023507,0.0640022100557537,84276225,42.9729666344509,523.166926677067,94.21,7418.5,291.1199
"EGY","Egypt",2008,3.55818976342358,0.0646481490783063,85864789,42.9608989120873,520.249810749432,95.97,7452.2,294.1135
"EGY","Egypt",2009,3.70586167060124,0.0652940881008589,87501636,42.9383470624904,483.079056865465,94.26,7158.3,301.7206
"EGY","Egypt",2010,3.68777939625295,0.0659400271234115,89196072,42.9057175520154,473.372781065089,96.42,6504.3,301.7043
"EGY","Egypt",2011,3.63654628559948,0.0624802852981064,91093059,42.8634168470177,503.561253561254,97.97,7246.3,311.4754
"EGY","Egypt",2012,3.71289366618112,0.0590205434728013,93161001,42.8118514138525,462.990455991516,101.24,7269,326.2503
"EGY","Egypt",2013,3.74802350695665,0.0555608016474961,95333553,42.7514277188751,536.748930010303,102.19,7285.3,320.1896
"EGY","Egypt",2014,3.73217137977799,0.052101059822191,97528654,42.6825522284408,546.968210621205,102.59,7085,325.1377
"EGY","Egypt",2015,3.80719985936009,0.0486413179968858,99597342,42.6056314089048,569.459171853531,99.65,7117.3,331.5432
"EGY","Egypt",2016,3.75083168416294,0.0451855944547692,101644589,42.5210717266225,568.042074872898,97.76,7251.5,344.7621
"EGY","Egypt",2017,3.85450680596715,0.0451855944547692,103696057,42.4486008687179,574.181976125568,102.48,7400.6,357.5541
"EGY","Egypt",2018,3.88065698930132,0.0451855944547692,105682094,42.4577177449969,535.290259101345,98.94,6776,352.9856
"EGY","Egypt",2019,3.93992666633181,0.0451855944547692,107553158,42.4812027332648,504.721963342653,99.76,6043.8,326.4249
"EGY","Egypt",2020,3.98915063539103,0.0451855944547692,109315124,42.5181534630674,506.627043090639,110.92,7167.4,335.7242
"EGY","Egypt",2021,4.04942488321865,0.0451855944547692,110957008,42.5686062621468,541.891452713682,122.85,7340.5,352.548
"EGY","Egypt",2022,4.07654829474107,0.0451855944547692,112618250,42.6325129008032,532.774734128263,119.36,7080.3,350.4004
"IND","India",2003,60.6247834817149,22.9257127866029,1116803006,28.4660287698,105.177203862352,54.25,2386.1,1938.2256
"IND","India",2004,60.6671622062499,22.9897853820307,1135991513,28.7726067228528,115.271510073208,56.82,2336.7,2040.7615
"IND","India",2005,60.5834137744308,23.0538579774586,1154676322,29.0945497159107,127.614591957051,59.27,2399.8,2111.743
"IND","India",2006,60.5094191760365,23.1179305728864,1172878890,29.4309857146804,136.403921543911,62.06,2449.4,2216.1962
"IND","India",2007,60.4132261981239,23.1820031683142,1190676021,29.7810426848684,142.835225474934,66.15,2581.8,2359.3109
"IND","India",2008,60.4593046525785,23.246075763742,1207930964,30.1438485921815,153.349390803506,68.38,2644,2486.3897
"IND","India",2009,60.5639061075814,23.3101483591698,1225524753,30.5185314023263,167.457295914491,70.89,2563.4,2595.4144
"IND","India",2010,60.3974182611942,23.3742209545976,1243481564,30.9042190810094,179.035876924253,78.77,2666.4,2722.6207
"IND","India",2011,60.4300431523044,23.4638216864714,1261224954,31.2746502853309,180.748291172705,82.68,2885.2,2858.4621
"IND","India",2012,60.4206256579633,23.5534224183453,1278674502,31.5898935604399,163.122021642201,85.9,2998.1,3037.4947
"IND","India",2013,60.4394606466455,23.6430231502191,1295829511,31.9096789235237,156.495698086192,89.71,2969.9,3074.139
"IND","India",2014,60.4495508191538,23.732623882093,1312277191,32.2288233408821,163.498079418137,94.94,2990.6,3254.3163
"IND","India",2015,60.4317248477225,23.8222246139668,1328024498,32.5472990022299,171.038212936265,99.84,2852.4,3310.4591
"IND","India",2016,60.3990999566123,23.9116908102072,1343944296,32.8650780972823,166.003057888777,105.22,3012.9,3353.9184
"IND","India",2017,60.2840719900175,24.0014933455312,1359657400,33.1821328157539,170.569293434684,111.37,3127.6,3495.5015
"IND","India",2018,60.2437112999842,24.0909595417716,1374659064,33.4984353473598,176.071212647449,117.75,3301.1,3634.4229
"IND","India",2019,60.2198312250478,24.1807620770956,1389030312,33.8139578818147,186.456757783084,124.44,3394.1,3641.2932
"IND","India",2020,60.0459439188212,24.270228273336,1402617695,34.1286726088333,210.69195830144,128.12,3391,3461.05
"IND","India",2021,60.0507647678083,24.3596944695764,1414203896,34.4425517181304,193.601012213706,135.29,3527.9,3719.5632
"IND","India",2022,60.0555856504293,24.4494970049005,1425423212,34.7555673994206,193.754969391567,132.52,3564,3961.5256
"IDN","Indonesia",2003,24.7885640571414,53.684548598443,225048008,44.6301761521872,163.767181316538,66.34,4248.1,573.261
"IDN","Indonesia",2004,24.8373681438111,53.5982219088063,227926649,45.4476736441888,180.476086983022,70.83,4274.5,585.3283
"IDN","Indonesia",2005,24.9394340083909,53.5118952191696,230871650,46.2373757571669,184.326258311835,64.31,4311.3,593.1621
"IDN","Indonesia",2006,25.5208558741616,53.4255685295329,233951652,47.0017588692457,189.627512709136,72.83,4365.8,626.634
"IDN","Indonesia",2007,26.0490159620222,53.3392418398962,237062337,47.7432993585496,222.926371992141,72.06,4413.9,650.3157
"IDN","Indonesia",2008,26.2043436045121,53.2529151502595,240157903,48.4644736032029,234.022023276744,71.9,4703,653.1794
"IDN","Indonesia",2009,26.5727183586424,53.1665884606228,243220028,49.16775798133,239.603591203238,74.32,4808.7,685.3767
"IDN","Indonesia",2010,26.568260667402,53.0802617709861,246305322,49.8521375148888,239.553393187817,79.39,4872.4,722.9382
"IDN","Indonesia",2011,27.0964207552627,52.586919226916,249470032,50.4830017089844,260.871954399488,86.09,4891.3,822.6221
"IDN","Indonesia",2012,27.0919630640223,52.0935766828458,252698525,51.1593933105469,324.105127310216,91.04,5086.8,842.7423
"IDN","Indonesia",2013,27.3538142623324,51.6002341387757,255852467,51.8307495117188,303.533746915688,94.01,5087,808.4225
"IDN","Indonesia",2014,27.5091419048223,51.1068915947056,258877399,52.5002136230469,334.115871082202,94.06,5099.1,851.9192
"IDN","Indonesia",2015,27.6112077694021,50.6135490506354,261799249,53.1720771789551,341.496990073275,99.13,5313.8,853.1222
"IDN","Indonesia",2016,27.8730589677122,50.7434545269582,264627418,53.812557220459,332.689389526624,106.81,5158.7,851.5311
"IDN","Indonesia",2017,27.7598939877572,50.0393338229866,267346658,54.4541015625,374.481780805296,159.79,5138.4,905.8894
"IDN","Indonesia",2018,28.411834447481,49.7168177792076,269951846,55.0956840515137,388.94563423822,166.86,5227.8,1002.7634
"IDN","Indonesia",2019,28.7503293442037,49.3942964092507,272489381,55.7382049560547,304.316040505575,167.2,5351.2,1062.2685
"IDN","Indonesia",2020,28.9649906072855,49.0717803654717,274814866,56.2785287648768,336.107986011264,168.3,5461.8,1007.1478
"IDN","Indonesia",2021,28.9558492042508,48.3619448681206,276758053,56.8761702464027,381.229919311091,171.35,5695.7,1037.2806
"IDN","Indonesia",2022,29.0073830174182,48.0419900717626,278830529,57.4934704226599,311.088110799621,189.99,5833.8,1181.2992
"JPN","Japan",2003,14.1015089163237,68.320987654321,127718000,82.4206778416671,301.858994769161,91.69,5451,1389.2192
"JPN","Japan",2004,14.0192043895748,68.3456790123457,127761000,84.3710541898905,295.087462891071,91.55,5942.3,1380.3906
"JPN","Japan",2005,13.9368998628258,68.3703703703704,127773000,85.9573620483714,296.781651376147,91.08,6154,1389.6047
"JPN","Japan",2006,13.8639231824417,68.3950617283951,127854000,87.1460898958075,294.390052958784,91.84,5852.4,1359.7126
"JPN","Japan",2007,13.7909465020576,68.4197530864198,128001000,88.2701404492656,327.142394822006,92.5,6062.1,1393.909
"JPN","Japan",2008,13.7152263374486,68.4444444444444,128063000,89.2921563808851,235.863277623027,92.74,6262.4,1319.317
"JPN","Japan",2009,13.6477366255144,68.4691358024691,128047000,90.1131158718189,208.493246390312,93.49,5919.5,1250.6457
"JPN","Japan",2010,13.5884773662551,68.4938271604938,128070000,90.6228586840649,255.090378327884,92.75,5853.7,1313.1602
"JPN","Japan",2011,13.4951989026063,68.481755829904,127833000,90.8631654434251,249.839915373766,90.57,6010.6,1363.1798
"JPN","Japan",2012,13.4567901234568,68.4696844993141,127629000,91.0265277326652,252.825247291569,93.12,6248.5,1401.3418
"JPN","Japan",2013,13.4211248285322,68.4576131687243,127445000,91.1516595654317,244.643699858424,100.8,6281.5,1417.7406
"JPN","Japan",2014,13.360768175583,68.4455418381344,127276000,91.2548945132333,253.197536712459,100.02,6325.1,1366.6674
"JPN","Japan",2015,13.2949245541838,68.4334705075446,127141000,91.3532644103625,225.326991676576,99.63,6316.7,1324.4225
"JPN","Japan",2016,13.2043895747599,68.4224965706447,127076000,91.4541254852142,236.018164435946,100.35,6253.4,1320.9354
"JPN","Japan",2017,13.1083676268861,68.4087791495199,126972000,91.5498419685883,243.234799327085,100.89,6284.5,1305.6904
"JPN","Japan",2018,13.0205761316872,68.4087791495199,126811000,91.6377318609728,235.997102848865,101.91,6132.3,1254.5984
"JPN","Japan",2019,12.9355281207133,68.4087791495199,126633000,91.7164207898107,226.503394762367,102.48,6295.5,1215.1408
"JPN","Japan",2020,12.8449931412894,68.4087791495199,126261000,91.7809926267889,216.008771929825,103.8,6230.1,1151.0677
"JPN","Japan",2021,12.7818930041152,68.4087791495199,125681593,91.8741049279527,209.813999021047,104.09,6417,1172.1252
"JPN","Japan",2022,12.716049382716,68.4087791495199,125124989,91.9776532428406,201.746187899656,104.84,6319.9,1142.3046
"MYS","Malaysia",2003,21.6595343174555,59.2550296758484,24679602,65.0750932867555,1235.83023334461,54.85,3359.6,188.3416
"MYS","Malaysia",2004,21.7065895601887,59.0286714350936,25256772,66.0647889111941,1802.75060737298,58.97,3326,203.1597
"MYS","Malaysia",2005,21.7148379242124,58.8023131943388,25836071,67.0159820173565,1658.24880715392,62.68,3422.1,215.2126
"MYS","Malaysia",2006,21.5346218231624,58.5759549535839,26417909,67.9191992840997,2012.95551561447,65.31,3390.7,223.0275
"MYS","Malaysia",2007,21.6320194795313,58.3495967128291,26998389,68.7649673902807,2299.42093810445,68.1,3527.7,240.6026
"MYS","Malaysia",2008,21.7635063156293,58.1232384720743,27570059,69.5438130147565,2110.61006433824,69.32,3583.6,252.8853
"MYS","Malaysia",2009,21.9753462182316,57.8968802313194,28124778,70.2462628363839,1301.98461538462,71.94,3720.5,235.8426
"MYS","Malaysia",2010,22.4906406939583,57.6705219905646,28655776,70.8625314831025,2166.74938546178,79.26,3636.1,250.7903
"MYS","Malaysia",2011,22.9207122203622,57.9849764115051,29162039,71.4245166681964,2183.64487060998,81.37,3746.8,252.9347
"MYS","Malaysia",2012,23.8295541013544,58.2994308324456,29662831,71.9680127926087,1916.8401658222,84.87,3797.2,254.6051
"MYS","Malaysia",2013,24.529904124182,58.6138852533861,30174265,72.4882717118078,1985.86520493335,89.94,3876.3,272.7485
"MYS","Malaysia",2014,24.6203013239994,58.9283396743266,30696137,72.9802206910773,2263.39764497761,94.65,4629.2,287.4116
"MYS","Malaysia",2015,26.0842185359915,59.2427940952671,31232798,73.4387869957006,1896.16386569895,100.59,4022.3,290.1481
"MYS","Malaysia",2016,26.0873535230558,58.7875209252777,31789685,73.8588978909614,1995.7809792684,104.77,3977.5,286.5024
"MYS","Malaysia",2017,26.0873535230558,58.6348805356871,32355644,74.2354806421432,2011.31695968787,102.78,3749.6,274.6473
"MYS","Malaysia",2018,26.0873535230558,58.4822401460965,32910967,74.5634625145296,1953.72526686942,100.45,3770.4,291.0216
"MYS","Malaysia",2019,26.0873535230558,58.3295997565059,33440596,74.8377707734042,1347.49488071149,97.47,3500.9,292.1334
"MYS","Malaysia",2020,26.0873535230558,58.1769593669152,33889558,75.0511895575672,1591.18028377216,102.53,3653.8,288.8584
"MYS","Malaysia",2021,26.0873535230558,58.0243189773246,34282399,75.5088628191907,2148.04861203669,100.39,3768.1,293.3116
"MYS","Malaysia",2022,26.0873535230558,57.871678587734,34695493,75.9741357073003,1612.10454253553,99.69,3576.5,312.7472
"NGA","Nigeria",2003,72.2903834118383,26.7939457821404,137202644,45.8372080921761,6.01738570508693,83.38,1308.8,369.1864
"NGA","Nigeria",2004,72.4230531308673,26.6146403592565,141057045,46.6994804889599,4.44963777237,86.49,1372.8,359.9911
"NGA","Nigeria",2005,72.6784739286538,26.4353349363725,145017253,47.5656414756863,7.24118271756749,87.33,1421.7,351.6043
"NGA","Nigeria",2006,72.4977041404526,26.2560295134886,149077334,48.424271994461,10.3152677723795,85.91,1507.5,324.0109
"NGA","Nigeria",2007,72.8559424443054,26.0767240906047,153267261,49.2357987173198,4.34054958850607,92.88,1399.8,298.6714
"NGA","Nigeria",2008,72.9272921813411,25.8974186677207,157595014,50.0505212312351,5.89698135295593,95.14,1598.4,303.8215
"NGA","Nigeria",2009,73.3103218156066,25.7181132448368,162049464,50.86453484762,4.56587654588848,98.7,1531.1,287.3889
"NGA","Nigeria",2010,73.4421967126717,25.5388078219529,166642886,51.6778188255446,11.2145520311631,98.36,1528,309.5195
"NGA","Nigeria",2011,73.4914686474082,25.3595023990689,171379598,52.490352424079,6.20177365099664,95.04,1334.4,330.1952
"NGA","Nigeria",2012,73.755240730371,25.180196976185,176200625,53.302114902293,8.42718662333694,90.28,1399,331.6927
"NGA","Nigeria",2013,73.5484116736388,25.0008915533011,181049443,54.1130855192568,8.50913026586002,98.47,1297.3,335.4048
"NGA","Nigeria",2014,73.6946120315777,24.8215861304171,185896915,54.9232435340404,8.95755004713581,99.84,1555.4,346.6176
"NGA","Nigeria",2015,73.9246242190674,24.6422807075332,190671878,55.7325682057138,7.96584203673435,101.97,1527.1,342.3975
"NGA","Nigeria",2016,74.1530467626294,24.4629795667402,195443700,56.541038793347,10.734949763348,98.18,1596.9,336.7501
"NGA","Nigeria",2017,74.3371732709685,24.2836830374299,200254579,57.3486345560101,20.295907079646,100.67,1506.1,334.5341
"NGA","Nigeria",2018,74.7367722915775,24.1043842023782,204938755,58.1553347527729,18.8412959912136,103.97,1549.3,346.5287
"NGA","Nigeria",2019,74.9047952831121,23.9250853673265,209485641,58.9611186427056,18.6103276198742,108.44,1629.7,360.0857
"NGA","Nigeria",2020,75.4191119602095,23.7457865322749,213996181,59.7659654848781,22.5588522456064,111.48,1619.9,333.6847
"NGA","Nigeria",2021,75.6659597922637,23.5664876972232,218529286,60.5698545383604,17.9649598611412,111.54,1621.9,342.7471
"NGA","Nigeria",2022,75.9658687703811,23.3871888621716,223150896,61.3727650622225,7.28113473638533,112.91,1659.5,334.7699
"PHL","Philippines",2003,37.6966160244156,24.0413120032196,84731835,40.3928506135438,166.996378269618,71.13,2823.4,137.6599
"PHL","Philippines",2004,38.4679880605024,23.8838380789483,86394504,40.8507057988121,171.7595703125,72.25,2992.3,140.9301
"PHL","Philippines",2005,38.082302042459,23.7263641546769,88015962,41.3297701258519,156.532467532468,73.6,3049,145.0008
"PHL","Philippines",2006,38.8369051212396,23.5688902304055,89508986,41.8308558715226,143.579243452958,78.29,3180.8,137.5884
"PHL","Philippines",2007,39.5412013281014,23.4114163061341,91075184,42.3470499959497,159.308128544423,83.98,3319.8,146.1958
"PHL","Philippines",2008,40.2790354495757,23.2539423818627,92699095,43.1547492407016,104.973027522936,85.69,3334.3,148.1113
"PHL","Philippines",2009,40.580876681088,23.0964684575913,94384250,44.3356772609527,121.445272727273,86.97,3228.9,150.4794
"PHL","Philippines",2010,40.580876681088,22.9389945333199,96337125,45.5208176726647,151.435471698113,88.99,3231.9,156.6438
"PHL","Philippines",2011,41.1174833148875,23.055994902237,98248614,46.6833632464759,144.86128440367,90.64,3340.6,157.7593
"PHL","Philippines",2012,41.6876278632995,23.172995271154,100175512,47.9182784810426,118.351254480287,93.45,3492.6,163.0728
"PHL","Philippines",2013,41.8184257302881,23.2899956400711,102076336,49.1313688766206,155.874955277281,96.2,3531.8,173.2631
"PHL","Philippines",2014,41.9156856826642,23.4069960089882,103767130,50.2392400212368,157.343470483005,97.2,3637.4,181.1384
"PHL","Philippines",2015,42.0129456350404,23.5239963779052,105312992,51.1549047745227,139.42343470483,101.67,3556.1,190.6338
"PHL","Philippines",2016,42.1102055874166,23.6410101619881,106735719,51.9114748151175,169.625044722719,101.13,3529,202.623
"PHL","Philippines",2017,42.224234497099,23.758023946071,108119693,52.6010482354344,212.598747763864,97.94,3692.3,220.8073
"PHL","Philippines",2018,42.3013717007077,23.8750041922393,109465287,53.2088897464754,169.001073345259,98.19,3670.5,226.906
"PHL","Philippines",2019,42.3785089043163,23.9920179763222,110804683,53.7157859948017,195.484257602862,100.14,3737.9,235.2167
"PHL","Philippines",2020,42.455646107925,24.1090317604051,112081264,54.1077719895977,217.111270125224,94.27,3769.4,225.1449
"PHL","Philippines",2021,42.5361371029949,24.226045544488,113100950,54.4504102510776,232.025402504472,86.51,3832.9,235.613
"PHL","Philippines",2022,42.3925948284536,24.3430593285709,113964338,54.7902343568327,285.425223613596,90.42,3821.5,242.5967
"THA","Thailand",2003,43.4026894243379,37.817338370295,64868166,35.4270354382579,126.544219977553,78.93,2998.8,305.2296
"THA","Thailand",2004,43.5847246961185,38.0277554855253,65452047,36.785516284484,111.829667262171,67.65,2961,327.0301
"THA","Thailand",2005,43.7667599678992,38.2381726007555,66017420,38.1301594392881,96.2122005571031,74.16,3046.8,338.8722
"THA","Thailand",2006,43.9487952396798,38.4485897159858,66567687,39.4424037014582,99.8178020386565,78.95,3009.5,343.8979
"THA","Thailand",2007,44.1288731429466,38.6590068312161,67102394,40.7036878697821,116.771802730566,83.52,3089.4,355.1025
"THA","Thailand",2008,44.3109084147272,38.8694239464464,67619830,41.8954507430475,110.614530776993,83.02,3063.5,356.9906
"THA","Thailand",2009,44.4929436865079,39.0798410616767,68121080,42.9991311200422,109.013734541517,84.14,2995.9,354.2997
"THA","Thailand",2010,44.6749789582885,39.290258176907,68579447,44.0018736622496,139.43669638146,87.86,3071.3,373.9503
"THA","Thailand",2011,44.6828084323436,39.2855604924739,69007208,44.8048723557374,143.798265999285,88.43,3257.2,373.9837
"THA","Thailand",2012,44.6906379063986,39.2808628080409,69436098,45.373565813715,145.71158193878,96.24,3256.6,392.5641
"THA","Thailand",2013,44.6989868660573,39.2761651236078,69845114,45.8321343847773,161.546190362147,98.46,3214,403.8667
"THA","Thailand",2014,44.7102115915363,39.2714674391748,70216367,46.3138799467897,156.825235592872,101.62,3141.1,395.7063
"THA","Thailand",2015,44.7180410655914,39.2667697547417,70540795,46.9521043776171,135.252101834005,99.64,2958.7,401.3825
"THA","Thailand",2016,44.7102115915363,39.1806455401358,70859841,47.8801095551247,146.941193905981,98.74,3064.5,401.0899
"THA","Thailand",2017,44.7199984341052,39.1101802736401,71160187,49.2311973571777,166.988314035684,99.68,3172.3,406.6368
"THA","Thailand",2018,44.7174470042475,39.0397150071444,71376079,54.5843734741211,138.496115476872,98.86,3151.7,402.1173
"THA","Thailand",2019,45.019475816712,38.9692497406487,71522271,55.9266166687012,113.527214570566,101.49,3021.6,410.4601
"THA","Thailand",2020,45.5516837283955,38.8987844741529,71641484,57.2358779907227,136.490349327558,101.28,3014.1,403.9095
"THA","Thailand",2021,45.9981600735971,38.8283192076572,71727332,58.5087776184082,147.621182923214,102.75,3062,398.6981
"THA","Thailand",2022,45.9981600735971,38.7578539411615,71735329,59.742374420166,227.527581008371,103.25,3105.6,417.7712
"VNM","Vietnam",2003,30.7575708710936,39.5565130454414,79563777,26.1745407830283,332.929190092691,52.63,4506.7,191.0392
"VNM","Vietnam",2004,31.5915760957203,40.0738026897152,80338971,26.8021001307977,367.814514259216,54.76,4690.9,213.4154
"VNM","Vietnam",2005,32.1384618827057,40.2320697359967,81088313,27.4285898187702,339.648788927336,60.84,4726.2,225.2049
"VNM","Vietnam",2006,32.2191850892757,40.7502549593184,82167897,28.0458290558422,342.97243226213,66.43,4749.8,231.4367
"VNM","Vietnam",2007,32.1943447296182,41.2943261730623,83633375,28.6456370509099,403.517814124509,69.09,4846.2,245.1668
"VNM","Vietnam",2008,32.7399677741119,41.7762218982583,85175788,29.2198330128693,303.463589335456,75.96,4897.6,256.1988
"VNM","Vietnam",2009,32.9068109297165,42.2930662932198,86460018,29.7581347355675,443.776507936508,82.16,5080.3,275.6843
"VNM","Vietnam",2010,34.3450560815081,42.7332154461943,87455152,30.2504027258526,365.253518501258,83.51,5177.5,292.7404
"VNM","Vietnam",2011,34.3732843043373,43.1647323195567,88468314,30.6996041680996,353.756679507891,87.16,5381.2,295.6414
"VNM","Vietnam",2012,34.4331120376958,43.5708247064191,89510356,31.1222779403029,371.137581428772,89.6,5462,295.4604
"VNM","Vietnam",2013,34.6726704451298,44.0639521125592,90573104,31.5334201724543,483.857974715078,91.87,5425.5,304.038
"VNM","Vietnam",2014,34.6991265943562,44.4428488915694,91679578,31.9480269945454,436.848584132928,94.56,5577.8,320.0895
"VNM","Vietnam",2015,38.7634300520449,44.8711640388917,92823254,32.3810945365679,432.273519163763,99.54,5601.2,343.6263
"VNM","Vietnam",2016,38.8407942894887,45.8783548775157,94000117,32.8476189285136,424.697484995713,105.9,5441,364.3785
"VNM","Vietnam",2017,38.8279627189274,45.9963369846492,95176977,33.3625963003742,457.98634861125,107.45,5434.4,370.3905
"VNM","Vietnam",2018,38.7344502263671,46.2346815387217,96237319,33.9410227821412,417.43602652436,112.2,5685.4,427.7399
"VNM","Vietnam",2019,39.5241027473527,46.4768416451573,97173776,34.6239134999511,432.696344339623,106.83,5715.8,484.71
"VNM","Vietnam",2020,39.4347683207361,46.7190017515929,98079191,35.5706676299742,456.874465890673,114.57,5797.3,492.9551
"VNM","Vietnam",2021,39.4347683207361,46.9611618580284,98935098,36.6540656426603,460.037860944934,131.19,5947.1,486.7794
"VNM","Vietnam",2022,39.2911951351024,47.203321964464,99680655,37.5478515625,418.424700133274,135.42,5903.9,494.4744
